trans_date,transaction_amount
2020-06-23,52700
2020-06-23,153600
2020-06-23,153600
2020-06-23,92700
2020-06-23,62700
2020-06-23,42300
2020-06-23,31750
2020-06-23,52700
2020-06-23,163600
2020-06-23,92700
2020-06-23,245100
2020-06-23,62700
2020-06-23,42300
2020-06-23,44300
2020-06-23,52700
2020-06-23,42300
2020-06-23,42300
2020-06-23,163600
2020-06-23,163600
2020-06-23,42300
2020-06-23,52700
2020-06-23,92700
2020-06-23,92700
2020-06-23,42300
2020-06-23,163600
2020-06-23,52700
2020-06-23,52700
2020-06-23,92700
2020-06-23,62700
2020-06-23,163600
2020-06-23,42300
2020-06-23,52700
2020-06-23,153600
2020-06-23,42300
2020-06-23,92700
2020-06-23,92700
2020-06-23,21700
2020-06-23,21700
2020-06-23,153600
2020-06-23,163600
2020-06-23,42300
2020-06-23,103600
2020-06-23,40000
2020-06-23,62700
2020-06-23,92700
2020-06-23,92700
2020-06-23,92700
2020-06-23,52700
2020-06-23,42300
2020-06-23,52700
2020-06-23,52700
2020-06-23,220000
2020-06-23,92700
2020-06-23,52700
2020-06-23,52700
2020-06-23,306000
2020-06-23,52700
2020-06-23,92700
2020-06-23,103600
2020-06-23,62700
2020-06-23,62700
2020-06-23,52700
2020-06-23,62700
2020-06-23,163650
2020-06-23,21700
2020-06-23,42300
2020-06-23,163600
2020-06-23,92700
2020-06-23,42300
2020-06-23,92700
2020-06-23,245100
2020-06-23,42300
2020-06-23,52700
2020-06-23,62700
2020-06-23,52700
2020-06-23,163600
2020-06-23,52700
2020-06-23,42300
2020-06-23,52700
2020-06-23,245100
2020-06-23,245100
2020-06-23,52700
2020-06-23,42300
2020-06-23,31750
2020-06-23,82700
2020-06-23,163600
2020-06-23,31750
2020-06-23,62700
2020-06-23,163600
2020-06-23,52700
2020-06-23,92700
2020-06-23,153600
2020-06-23,52700
2020-06-23,92700
2020-06-23,42300
2020-06-23,92700
2020-06-23,62700
2020-06-23,21700
2020-06-23,153600
2020-06-23,153600
2020-06-23,46300
2020-06-23,42300
2020-06-23,62700
2020-06-23,52700
2020-06-23,92700
2020-06-23,92700
2020-06-23,406500
2020-06-23,21700
2020-06-23,92700
2020-06-23,153600
2020-06-23,406500
2020-06-23,92700
2020-06-23,62700
2020-06-23,103600
2020-06-23,21700
2020-06-23,52700
2020-06-23,42300
2020-06-23,42300
2020-06-23,163600
2020-06-23,35750
2020-06-23,92700
2020-06-23,42300
2020-06-23,21700
2020-06-23,21700
2020-06-23,62700
2020-06-23,92700
2020-06-23,21700
2020-06-23,52700
2020-06-23,163600
2020-06-23,21700
2020-06-23,92700
2020-06-23,82700
2020-06-23,42300
2020-06-23,92700
2020-06-23,205100
2020-06-23,103600
2020-06-23,52700
2020-06-23,82700
2020-06-23,52700
2020-06-23,92700
2020-06-23,306000
2020-06-23,205100
2020-06-23,92700
2020-06-23,153600
2020-06-23,31750
2020-06-23,62700
2020-06-23,163600
2020-06-23,21700
2020-06-23,62700
2020-06-23,52700
2020-06-23,52700
2020-06-23,42300
2020-06-23,42300
2020-06-23,52700
2020-06-23,82700
2020-06-23,42300
2020-06-23,21700
2020-06-23,92700
2020-06-24,52700
2020-06-24,366000
2020-06-24,123600
2020-06-24,218711
2020-06-24,52700
2020-06-24,82700
2020-06-24,42300
2020-06-24,156600
2020-06-24,103600
2020-06-24,62700
2020-06-24,82700
2020-06-24,52700
2020-06-24,186600
2020-06-24,123600
2020-06-24,42300
2020-06-24,52700
2020-06-24,52700
2020-06-24,326000
2020-06-24,151600
2020-06-24,42300
2020-06-24,123600
2020-06-24,540000
2020-06-24,160857
2020-06-24,62700
2020-06-24,1208000
2020-06-24,123600
2020-06-24,179930
2020-06-24,36750
2020-06-24,82700
2020-06-24,52700
2020-06-24,86700
2020-06-24,366000
2020-06-24,205100
2020-06-24,62700
2020-06-24,103600
2020-06-24,366000
2020-06-24,134546
2020-06-24,406500
2020-06-24,326000
2020-06-24,2443000
2020-06-24,406500
2020-06-24,42300
2020-06-24,52700
2020-06-24,42300
2020-06-24,82700
2020-06-24,62700
2020-06-24,42300
2020-06-24,52700
2020-06-24,42300
2020-06-24,103600
2020-06-24,153600
2020-06-24,103600
2020-06-24,366000
2020-06-24,42300
2020-06-24,120000
2020-06-24,52700
2020-06-24,82700
2020-06-24,42300
2020-06-24,52700
2020-06-24,3008000
2020-06-24,52700
2020-06-24,103600
2020-06-24,42300
2020-06-24,205100
2020-06-24,426500
2020-06-24,143600
2020-06-24,103600
2020-06-24,406500
2020-06-24,426500
2020-06-24,406500
2020-06-24,92700
2020-06-24,908000
2020-06-24,1208000
2020-06-24,52700
2020-06-24,205100
2020-06-24,42300
2020-06-24,52700
2020-06-24,265100
2020-06-24,3008000
2020-06-24,103600
2020-06-24,82700
2020-06-24,82700
2020-06-24,42300
2020-06-24,60000
2020-06-24,52700
2020-06-24,82700
2020-06-24,52700
2020-06-24,52700
2020-06-24,42300
2020-06-24,406500
2020-06-24,52700
2020-06-24,607500
2020-06-24,82700
2020-06-24,1208000
2020-06-24,82700
2020-06-24,52700
2020-06-24,3008000
2020-06-24,52700
2020-06-24,62700
2020-06-25,205100
2020-06-25,143650
2020-06-25,245300
2020-06-25,205100
2020-06-25,52700
2020-06-25,52700
2020-06-25,205100
2020-06-25,42350
2020-06-25,205100
2020-06-25,205100
2020-06-25,183650
2020-06-25,205100
2020-06-25,21850
2020-06-25,205100
2020-06-25,21850
2020-06-25,205100
2020-06-25,163650
2020-06-25,205100
2020-06-25,205100
2020-06-25,205100
2020-06-25,369000
2020-06-25,183650
2020-06-25,205100
2020-06-25,205100
2020-06-25,306000
2020-06-25,183650
2020-06-25,205100
2020-06-25,16450
2020-06-25,82700
2020-06-25,183650
2020-06-25,205100
2020-06-25,205100
2020-06-25,205100
2020-06-25,275300
2020-06-25,245300
2020-06-25,52700
2020-06-25,16450
2020-06-25,21850
2020-06-25,205100
2020-06-25,82700
2020-06-25,205100
2020-06-25,62700
2020-06-25,205100
2020-06-25,52700
2020-06-25,205100
2020-06-25,800000
2020-06-25,1808000
2020-06-25,183650
2020-06-25,153650
2020-06-25,487000
2020-06-25,52700
2020-06-25,205100
2020-06-25,487000
2020-06-25,205100
2020-06-25,480000
2020-06-25,205100
2020-06-25,183650
2020-06-25,205100
2020-06-25,21850
2020-06-25,205100
2020-06-25,205100
2020-06-25,42350
2020-06-25,42350
2020-06-25,123650
2020-06-25,205100
2020-06-25,5950
2020-06-25,34350
2020-06-25,205100
2020-06-25,123650
2020-06-25,42350
2020-06-25,205100
2020-06-25,205100
2020-06-26,21850
2020-06-26,2008000
2020-06-26,26850
2020-06-26,103650
2020-06-26,677500
2020-06-26,3158000
2020-06-26,20200
2020-06-26,507000
2020-06-26,149850
2020-06-26,123650
2020-06-26,21850
2020-06-26,82700
2020-06-26,52700
2020-06-26,62700
2020-06-26,1813000
2020-06-26,52700
2020-06-26,26850
2020-06-26,52700
2020-06-26,42350
2020-06-26,92700
2020-06-26,42350
2020-06-26,52700
2020-06-26,427000
2020-06-26,26850
2020-06-26,26850
2020-06-26,82700
2020-06-26,31850
2020-06-26,20200
2020-06-26,62700
2020-06-26,82700
2020-06-26,52700
2020-06-26,82700
2020-06-26,413000
2020-06-26,42350
2020-06-29,52700
2020-06-29,245100
2020-06-29,225100
2020-06-29,306000
2020-06-29,21850
2020-06-29,62700
2020-06-29,306000
2020-06-29,205300
2020-06-29,52700
2020-06-29,727500
2020-06-29,245100
2020-06-29,225100
2020-06-29,183600
2020-06-29,306000
2020-06-29,245100
2020-06-29,152650
2020-06-29,245100
2020-06-29,306000
2020-06-29,306000
2020-06-29,62700
2020-06-29,306000
2020-06-29,62700
2020-06-29,225100
2020-06-29,225100
2020-06-29,123600
2020-06-29,62700
2020-06-29,225100
2020-06-29,225100
2020-06-29,62700
2020-06-29,225100
2020-06-29,366000
2020-06-29,52700
2020-06-29,123600
2020-06-29,42300
2020-06-29,486500
2020-06-29,306000
2020-06-29,366000
2020-06-29,225100
2020-06-29,225100
2020-06-29,306000
2020-06-29,245100
2020-06-29,225100
2020-06-29,52700
2020-06-29,225100
2020-06-29,245100
2020-06-29,123600
2020-06-29,225100
2020-06-29,306000
2020-06-29,366000
2020-06-29,306000
2020-06-29,52700
2020-06-29,82700
2020-06-29,245100
2020-06-29,52700
2020-06-29,225100
2020-06-29,52700
2020-06-29,52700
2020-06-29,306000
2020-06-29,52700
2020-06-29,306000
2020-06-29,103600
2020-06-29,62700
2020-06-29,225100
2020-06-29,225100
2020-06-29,225100
2020-06-29,245100
2020-06-29,225100
2020-06-29,225100
2020-06-29,306000
2020-06-29,225100
2020-06-29,42350
2020-06-29,42350
2020-06-29,52700
2020-06-29,52700
2020-06-29,52700
2020-06-29,306000
2020-06-29,306000
2020-06-29,174650
2020-06-29,727500
2020-06-29,52700
2020-06-29,52700
2020-06-29,225100
2020-06-29,123600
2020-06-29,642500
2020-06-29,306000
2020-06-29,225100
2020-06-29,42350
2020-06-29,366000
2020-06-29,486500
2020-06-29,52700
2020-06-29,225100
2020-06-29,62700
2020-06-29,306000
2020-06-29,306000
2020-06-29,123600
2020-06-29,306000
2020-06-29,306000
2020-06-29,225100
2020-06-29,123600
2020-06-29,245100
2020-06-29,225100
2020-06-30,21700
2020-06-30,11400
2020-06-30,11400
2020-06-30,144600
2020-06-30,110600
2020-06-30,169600
2020-06-30,245100
2020-06-30,183600
2020-06-30,2208000
2020-06-30,21700
2020-06-30,245100
2020-06-30,163600
2020-06-30,121600
2020-06-30,127600
2020-06-30,392000
2020-06-30,42300
2020-06-30,418500
2020-06-30,64700
2020-06-30,215100
2020-06-30,72700
2020-06-30,164600
2020-06-30,42300
2020-06-30,62700
2020-06-30,219100
2020-06-30,92700
2020-06-30,103600
2020-06-30,92700
2020-06-30,92700
2020-06-30,187600
2020-06-30,42300
2020-06-30,99700
2020-06-30,31750
2020-06-30,180600
2020-06-30,82700
2020-06-30,164600
2020-06-30,123600
2020-06-30,92700
2020-06-30,31750
2020-06-30,42300
2020-06-30,21700
2020-06-30,94700
2020-06-30,306000
2020-06-30,58700
2020-06-30,72700
2020-06-30,5850
2020-06-30,50300
2020-06-30,169600
2020-06-30,123600
2020-06-30,245100
2020-06-30,66700
2020-06-30,21700
2020-06-30,42300
2020-06-30,48300
2020-06-30,100700
2020-06-30,205100
2020-06-30,406500
2020-06-30,103600
2020-06-30,92700
2020-06-30,142600
2020-06-30,245100
2020-06-30,21700
2020-06-30,52700
2020-06-30,169600
2020-06-30,103600
2020-06-30,21700
2020-06-30,21700
2020-06-30,171600
2020-06-30,85700
2020-06-30,86700
2020-06-30,104600
2020-06-30,169600
2020-06-30,169600
2020-06-30,54700
2020-06-30,42300
2020-06-30,123600
2020-06-30,42300
2020-06-30,60700
2020-06-30,42300
2020-06-30,46300
2020-06-30,52700
2020-06-30,245100
2020-06-30,92700
2020-06-30,42300
2020-06-30,90700
2020-06-30,103600
2020-06-30,386000
2020-06-30,21700
2020-06-30,306000
2020-06-30,46300
2020-06-30,205100
2020-06-30,68700
2020-06-30,46300
2020-06-30,169600
2020-06-30,56700
2020-06-30,44300
2020-06-30,60700
2020-06-30,169600
2020-06-30,164600
2020-06-30,21700
2020-06-30,56700
2020-06-30,92700
2020-06-30,120600
2020-06-30,70700
2020-06-30,52700
2020-06-30,62700
2020-06-30,103600
2020-06-30,396000
2020-06-30,169600
2020-06-30,326000
2020-06-30,68700
2020-06-30,69700
2020-06-30,169600
2020-06-30,183600
2020-06-30,245100
2020-06-30,154600
2020-06-30,62700
2020-06-30,123600
2020-06-30,52700
2020-06-30,169600
2020-06-30,54700
2020-06-30,72700
2020-06-30,306000
2020-06-30,77700
2020-06-30,60700
2020-06-30,169600
2020-06-30,169600
2020-06-30,227100
2020-06-30,47300
2020-06-30,65700
2020-06-30,48300
2020-06-30,84700
2020-06-30,205100
2020-06-30,103600
2020-06-30,72700
2020-06-30,42300
2020-06-30,56700
2020-06-30,62700
2020-06-30,52700
2020-06-30,85700
2020-06-30,169600
2020-06-30,62700
2020-06-30,21700
2020-06-30,74700
2020-06-30,205100
2020-06-30,55700
2020-06-30,92700
2020-06-30,62700
2020-06-30,169600
2020-06-30,78700
2020-06-30,103600
2020-06-30,42300
2020-06-30,106600
2020-06-30,207100
2020-06-30,92700
2020-06-30,92700
2020-06-30,92700
2020-06-30,21700
2020-06-30,72700
2020-06-30,103600
2020-06-30,306000
2020-06-30,103600
2020-06-30,62700
2020-06-30,76700
2020-06-30,62700
2020-06-30,138600
2020-06-30,134600
2020-06-30,162600
2020-06-30,213100
2020-06-30,21700
2020-06-30,123600
2020-06-30,54700
2020-06-30,5850
2020-06-30,123600
2020-06-30,48300
2020-06-30,92700
2020-06-30,62700
2020-06-30,123600
2020-06-30,21700
2020-06-30,31750
2020-06-30,72700
2020-06-30,103600
2020-06-30,72700
2020-06-30,72700
2020-06-30,205100
2020-06-30,316000
2020-06-30,63700
2020-06-30,92700
2020-06-30,62700
2020-06-30,71700
2020-06-30,391000
2020-06-30,183600
2020-06-30,21700
2020-06-30,88700
2020-06-30,16400
2020-06-30,44300
2020-06-30,42300
2020-06-30,58700
2020-06-30,42300
2020-06-30,72700
2020-06-30,72700
2020-06-30,119600
2020-06-30,169600
2020-06-30,46300
2020-06-30,88700
2020-06-30,192600
2020-06-30,21700
2020-06-30,92700
2020-06-30,130600
2020-06-30,169600
2020-06-30,76700
2020-06-30,21700
2020-06-30,245100
2020-06-30,63700
2020-06-30,68700
2020-06-30,21700
2020-06-30,54700
2020-06-30,46300
2020-06-30,50300
2020-06-30,1358000
2020-06-30,82700
2020-06-30,21700
2020-06-30,245100
2020-06-30,70700
2020-06-30,75700
2020-06-30,306000
2020-06-30,66700
2020-06-30,72700
2020-06-30,48300
2020-06-30,103600
2020-06-30,92700
2020-06-30,133600
2020-06-30,169600
2020-06-30,47300
2020-06-30,205100
2020-06-30,83700
2020-06-30,80700
2020-06-30,11400
2020-06-30,169600
2020-06-30,128600
2020-06-30,62700
2020-06-30,42300
2020-06-30,82700
2020-06-30,60700
2020-06-30,78700
2020-06-30,31750
2020-06-30,72700
2020-06-30,48300
2020-06-30,70700
2020-06-30,31750
2020-06-30,169600
2020-06-30,72700
2020-06-30,50300
2020-06-30,21700
2020-06-30,169600
2020-06-30,123600
2020-06-30,103600
2020-06-30,205100
2020-06-30,123600
2020-06-30,163600
2020-06-30,123600
2020-06-30,31750
2020-06-30,46300
2020-06-30,133600
2020-06-30,169600
2020-06-30,103600
2020-06-30,64700
2020-06-30,103600
2020-06-30,205100
2020-06-30,52700
2020-06-30,114600
2020-06-30,103600
2020-06-30,169600
2020-06-30,169600
2020-06-30,88700
2020-06-30,123600
2020-06-30,169600
2020-06-30,2565500
2020-06-30,92700
2020-06-30,361000
2020-06-30,265100
2020-06-30,63700
2020-06-30,21700
2020-06-30,11400
2020-06-30,54700
2020-06-30,163600
2020-06-30,92700
2020-06-30,72700
2020-06-30,129600
2020-06-30,58700
2020-06-30,103600
2020-06-30,92700
2020-06-30,52700
2020-06-30,94700
2020-06-30,106600
2020-06-30,72700
2020-06-30,5850
2020-06-30,58700
2020-06-30,62700
2020-06-30,66700
2020-06-30,62700
2020-06-30,21700
2020-06-30,31750
2020-06-30,225100
2020-06-30,106600
2020-06-30,54700
2020-06-30,72700
2020-06-30,77700
2020-06-30,50300
2020-06-30,162600
2020-06-30,62700
2020-06-30,205100
2020-06-30,92700
2020-06-30,130600
2020-06-30,64700
2020-06-30,110600
2020-06-30,129600
2020-06-30,346000
2020-06-30,84700
2020-06-30,163600
2020-06-30,11400
2020-06-30,62700
2020-06-30,406500
2020-06-30,123600
2020-06-30,205100
2020-06-30,72700
2020-06-30,92700
2020-06-30,644800
2020-06-30,68700
2020-06-30,67700
2020-06-30,107600
2020-06-30,21700
2020-06-30,5850
2020-06-30,44300
2020-06-30,69700
2020-06-30,21700
2020-06-30,42300
2020-06-30,169600
2020-06-30,519000
2020-06-30,406500
2020-06-30,46300
2020-06-30,82700
2020-06-30,92700
2020-06-30,142600
2020-06-30,21700
2020-06-30,77700
2020-06-30,16400
2020-06-30,103600
2020-06-30,31750
2020-06-30,21800
2020-06-30,46300
2020-06-30,60700
2020-06-30,169600
2020-06-30,245100
2020-06-30,123600
2020-06-30,50300
2020-06-30,103600
2020-06-30,11400
2020-06-30,92700
2020-06-30,118600
2020-06-30,72700
2020-06-30,103600
2020-06-30,66700
2020-06-30,11400
2020-06-30,42300
2020-06-30,587000
2020-06-30,78700
2020-06-30,74700
2020-06-30,90700
2020-06-30,215100
2020-06-30,72700
2020-06-30,56700
2020-06-30,11400
2020-06-30,88700
2020-06-30,72700
2020-06-30,81700
2020-06-30,103600
2020-06-30,169600
2020-06-30,123600
2020-06-30,103600
2020-06-30,46300
2020-06-30,169600
2020-06-30,169600
2020-06-30,123600
2020-06-30,169600
2020-06-30,92700
2020-06-30,103600
2020-06-30,21700
2020-06-30,62700
2020-06-30,169600
2020-06-30,103600
2020-06-30,183600
2020-06-30,92700
2020-06-30,90700
2020-06-30,103600
2020-06-30,103600
2020-06-30,205100
2020-06-30,205100
2020-06-30,123600
2020-06-30,163600
2020-06-30,169600
2020-06-30,65700
2020-06-30,381000
2020-06-30,307000
2020-06-30,11400
2020-06-30,103600
2020-06-30,169600
2020-06-30,169600
2020-06-30,169600
2020-06-30,169600
2020-06-30,21700
2020-06-30,96700
2020-06-30,436500
2020-06-30,11400
2020-06-30,31750
2020-06-30,113600
2020-06-30,42300
2020-06-30,169600
2020-06-30,86700
2020-06-30,178600
2020-06-30,1348000
2020-06-30,57700
2020-06-30,21700
2020-06-30,60700
2020-06-30,169600
2020-06-30,169600
2020-06-30,78700
2020-06-30,92700
2020-06-30,65700
2020-06-30,169600
2020-06-30,21700
2020-06-30,123600
2020-06-30,42300
2020-06-30,103600
2020-06-30,21700
2020-06-30,80700
2020-06-30,92700
2020-06-30,92700
2020-06-30,169600
2020-06-30,21700
2020-06-30,56700
2020-06-30,56700
2020-06-30,92700
2020-06-30,259100
2020-06-30,11400
2020-06-30,72700
2020-06-30,64700
2020-06-30,58700
2020-06-30,183600
2020-06-30,21700
2020-06-30,103600
2020-06-30,44300
2020-06-30,62700
2020-06-30,48300
2020-06-30,169600
2020-06-30,58700
2020-06-30,123600
2020-06-30,163600
2020-06-30,21700
2020-06-30,44300
2020-06-30,76700
2020-06-30,76700
2020-06-30,57700
2020-06-30,21700
2020-06-30,42300
2020-06-30,245100
2020-06-30,163600
2020-07-02,547500
2020-07-02,245300
2020-07-02,52700
2020-07-02,52700
2020-07-02,52700
2020-07-02,245100
2020-07-02,52700
2020-07-02,1968000
2020-07-02,52700
2020-07-02,479000
2020-07-02,52700
2020-07-02,427000
2020-07-02,592000
2020-07-02,245100
2020-07-02,205300
2020-07-02,547500
2020-07-02,52700
2020-07-02,21700
2020-07-02,285100
2020-07-02,507000
2020-07-02,285100
2020-07-02,52700
2020-07-02,52700
2020-07-02,52700
2020-07-02,245100
2020-07-02,52700
2020-07-02,52700
2020-07-02,366500
2020-07-02,597000
2020-07-02,52700
2020-07-02,205100
2020-07-02,366500
2020-07-02,52700
2020-07-02,547500
2020-07-02,37850
2020-07-02,245100
2020-07-02,52700
2020-07-02,52700
2020-07-02,153600
2020-07-02,62700
2020-07-02,968000
2020-07-02,52700
2020-07-02,245100
2020-07-03,123600
2020-07-03,153650
2020-07-03,123600
2020-07-03,123600
2020-07-03,123600
2020-07-03,306000
2020-07-03,382000
2020-07-03,306000
2020-07-03,406500
2020-07-03,21700
2020-07-03,306000
2020-07-03,153650
2020-07-03,103600
2020-07-03,103600
2020-07-03,382000
2020-07-03,386000
2020-07-03,153650
2020-07-03,103600
2020-07-03,1289250
2020-07-03,407000
2020-07-03,382000
2020-07-03,103600
2020-07-03,486500
2020-07-03,103600
2020-07-03,103600
2020-07-03,103600
2020-07-03,103600
2020-07-03,103600
2020-07-03,123600
2020-07-03,103600
2020-07-03,366000
2020-07-03,245100
2020-07-03,407000
2020-07-03,103600
2020-07-03,153650
2020-07-03,561000
2020-07-03,366000
2020-07-03,103600
2020-07-03,103600
2020-07-03,103600
2020-07-03,103600
2020-07-03,153650
2020-07-03,245100
2020-07-03,103600
2020-07-03,138550
2020-07-03,407000
2020-07-03,103600
2020-07-03,153650
2020-07-03,245100
2020-07-03,727500
2020-07-03,103600
2020-07-03,103600
2020-07-03,103600
2020-07-03,183600
2020-07-03,153650
2020-07-03,103600
2020-07-03,245100
2020-07-03,407000
2020-07-03,407000
2020-07-03,306000
2020-07-03,103600
2020-07-03,103600
2020-07-03,42350
2020-07-03,918000
2020-07-03,486500
2020-07-03,245100
2020-07-03,567000
2020-07-03,153650
2020-07-03,407000
2020-07-03,103600
2020-07-03,103600
2020-07-03,103600
2020-07-03,358500
2020-07-03,205100
2020-07-03,727500
2020-07-03,482500
2020-07-03,153650
2020-07-03,103600
2020-07-03,103600
2020-07-03,407000
2020-07-03,123600
2020-07-03,153650
2020-07-03,547000
2020-07-03,245100
2020-07-03,153650
2020-07-03,103600
2020-07-03,153650
2020-07-03,103600
2020-07-03,366000
2020-07-03,123600
2020-07-03,407000
2020-07-03,103600
2020-07-03,196100
2020-07-03,103600
2020-07-03,3008000
2020-07-03,103600
2020-07-03,454500
2020-07-03,103600
2020-07-03,366000
2020-07-03,245100
2020-07-03,407000
2020-07-03,103600
2020-07-03,153650
2020-07-03,103600
2020-07-03,103600
2020-07-03,103600
2020-07-03,607500
2020-07-03,103600
2020-07-03,103600
2020-07-03,153650
2020-07-03,123600
2020-07-04,153650
2020-07-04,173650
2020-07-04,153650
2020-07-04,153650
2020-07-04,1028000
2020-07-04,72700
2020-07-04,153650
2020-07-04,407000
2020-07-05,52700
2020-07-05,26850
2020-07-05,52700
2020-07-05,52700
2020-07-05,153650
2020-07-05,26850
2020-07-05,20200
2020-07-05,407000
2020-07-05,26850
2020-07-05,52700
2020-07-05,52700
2020-07-05,153650
2020-07-05,20200
2020-07-05,123650
2020-07-05,153650
2020-07-05,407000
2020-07-05,26850
2020-07-05,20200
2020-07-05,26850
2020-07-05,13950
2020-07-05,52700
2020-07-05,52700
2020-07-05,26850
2020-07-05,20200
2020-07-06,217300
2020-07-06,52700
2020-07-06,21850
2020-07-06,123650
2020-07-06,52700
2020-07-06,31850
2020-07-06,306500
2020-07-06,487000
2020-07-06,62700
2020-07-06,52700
2020-07-06,123650
2020-07-06,26850
2020-07-06,306500
2020-07-06,52700
2020-07-06,306500
2020-07-06,52700
2020-07-06,163650
2020-07-06,407000
2020-07-06,62700
2020-07-06,42350
2020-07-06,62700
2020-07-06,163650
2020-07-06,42350
2020-07-06,52700
2020-07-06,123650
2020-07-06,306500
2020-07-06,52700
2020-07-06,52700
2020-07-06,123650
2020-07-06,20200
2020-07-06,31850
2020-07-06,52700
2020-07-06,123650
2020-07-06,31850
2020-07-06,21850
2020-07-06,163650
2020-07-06,62700
2020-07-06,62700
2020-07-06,407000
2020-07-06,42350
2020-07-06,52700
2020-07-06,123650
2020-07-06,11450
2020-07-06,407000
2020-07-06,42350
2020-07-06,407000
2020-07-06,62700
2020-07-06,123650
2020-07-06,52700
2020-07-06,163650
2020-07-06,31850
2020-07-06,21700
2020-07-06,31850
2020-07-06,62700
2020-07-06,163650
2020-07-06,52700
2020-07-06,205300
2020-07-06,205300
2020-07-06,205300
2020-07-06,21850
2020-07-06,163650
2020-07-06,52700
2020-07-06,31850
2020-07-06,72700
2020-07-06,42350
2020-07-06,123650
2020-07-06,52700
2020-07-06,82700
2020-07-06,407000
2020-07-06,163650
2020-07-06,52700
2020-07-06,163650
2020-07-06,52700
2020-07-06,21850
2020-07-06,31850
2020-07-06,487000
2020-07-06,31850
2020-07-06,163650
2020-07-06,163650
2020-07-06,52700
2020-07-06,42350
2020-07-06,82700
2020-07-06,21700
2020-07-06,153650
2020-07-06,31850
2020-07-06,26850
2020-07-06,11450
2020-07-06,366500
2020-07-06,62700
2020-07-06,42350
2020-07-06,26850
2020-07-06,163650
2020-07-06,52700
2020-07-06,306500
2020-07-06,31850
2020-07-06,407000
2020-07-06,62700
2020-07-06,306500
2020-07-06,173650
2020-07-06,808000
2020-07-06,306500
2020-07-06,306500
2020-07-06,52700
2020-07-06,163650
2020-07-06,163650
2020-07-06,11450
2020-07-06,52700
2020-07-06,123650
2020-07-06,42350
2020-07-06,31850
2020-07-06,26850
2020-07-06,20200
2020-07-06,82700
2020-07-06,487000
2020-07-07,123650
2020-07-07,123650
2020-07-07,143650
2020-07-07,153650
2020-07-07,143650
2020-07-07,42350
2020-07-07,21850
2020-07-07,31850
2020-07-07,143650
2020-07-07,163650
2020-07-08,52700
2020-07-08,52700
2020-07-08,42350
2020-07-08,52700
2020-07-08,52700
2020-07-08,407000
2020-07-08,52700
2020-07-08,42350
2020-07-08,20200
2020-07-08,407000
2020-07-08,42350
2020-07-08,21850
2020-07-08,21850
2020-07-08,52700
2020-07-08,92700
2020-07-08,407000
2020-07-08,26850
2020-07-08,52700
2020-07-08,407000
2020-07-08,1248000
2020-07-08,26850
2020-07-08,52700
2020-07-08,42350
2020-07-08,52700
2020-07-08,26850
2020-07-08,306000
2020-07-08,52700
2020-07-08,52700
2020-07-08,52700
2020-07-08,52700
2020-07-08,26850
2020-07-08,42350
2020-07-08,42350
2020-07-08,52700
2020-07-08,20200
2020-07-08,52700
2020-07-08,193650
2020-07-08,26850
2020-07-08,20200
2020-07-08,306000
2020-07-08,20200
2020-07-08,21850
2020-07-08,306000
2020-07-08,31850
2020-07-08,178650
2020-07-08,52700
2020-07-08,52700
2020-07-08,52700
2020-07-08,123650
2020-07-08,52700
2020-07-08,1108000
2020-07-08,26850
2020-07-09,21700
2020-07-09,183650
2020-07-09,62700
2020-07-09,123650
2020-07-09,103600
2020-07-09,103600
2020-07-09,52700
2020-07-09,245100
2020-07-09,607500
2020-07-09,50300
2020-07-09,153600
2020-07-09,135600
2020-07-09,153650
2020-07-09,52700
2020-07-09,407000
2020-07-09,21700
2020-07-09,218600
2020-07-09,92700
2020-07-09,153600
2020-07-09,62700
2020-07-09,153600
2020-07-09,52700
2020-07-09,52700
2020-07-09,245100
2020-07-09,153600
2020-07-09,218600
2020-07-09,205100
2020-07-09,52700
2020-07-09,306000
2020-07-09,21700
2020-07-09,123600
2020-07-09,62700
2020-07-09,31750
2020-07-09,123650
2020-07-09,366500
2020-07-09,1114250
2020-07-09,224100
2020-07-09,153650
2020-07-09,103600
2020-07-09,103600
2020-07-09,123600
2020-07-09,21700
2020-07-09,52700
2020-07-09,183600
2020-07-09,153600
2020-07-09,153600
2020-07-09,97700
2020-07-09,153650
2020-07-09,123600
2020-07-09,153600
2020-07-09,183650
2020-07-09,667500
2020-07-09,123600
2020-07-09,21850
2020-07-09,123600
2020-07-09,103600
2020-07-09,407000
2020-07-09,103650
2020-07-09,163650
2020-07-09,76700
2020-07-09,123600
2020-07-09,62700
2020-07-09,486500
2020-07-09,123600
2020-07-09,486500
2020-07-09,1445400
2020-07-09,72700
2020-07-09,245100
2020-07-09,103600
2020-07-09,153600
2020-07-09,214100
2020-07-09,87700
2020-07-09,26850
2020-07-09,517000
2020-07-09,123600
2020-07-09,103600
2020-07-09,21700
2020-07-09,52700
2020-07-09,245100
2020-07-09,103600
2020-07-09,123650
2020-07-09,153600
2020-07-09,103600
2020-07-09,153600
2020-07-09,103600
2020-07-09,31750
2020-07-10,62700
2020-07-10,42300
2020-07-10,42300
2020-07-10,92700
2020-07-10,3428000
2020-07-10,407000
2020-07-10,205300
2020-07-10,143650
2020-07-10,62700
2020-07-10,205300
2020-07-10,768000
2020-07-10,123600
2020-07-10,62700
2020-07-10,205100
2020-07-10,153600
2020-07-10,62700
2020-07-10,245100
2020-07-10,82700
2020-07-10,42300
2020-07-10,62700
2020-07-10,21700
2020-07-10,170650
2020-07-10,21700
2020-07-10,205100
2020-07-10,205100
2020-07-10,42300
2020-07-10,245100
2020-07-10,163600
2020-07-10,62700
2020-07-10,42300
2020-07-10,62700
2020-07-10,123600
2020-07-10,82700
2020-07-10,1008000
2020-07-10,140650
2020-07-10,205300
2020-07-10,52700
2020-07-10,21700
2020-07-10,123600
2020-07-10,62700
2020-07-10,615000
2020-07-11,245300
2020-07-11,497000
2020-07-12,42350
2020-07-12,82700
2020-07-12,396500
2020-07-12,42350
2020-07-12,21850
2020-07-12,220300
2020-07-12,21850
2020-07-12,47350
2020-07-12,21850
2020-07-12,77700
2020-07-14,62700
2020-07-14,205100
2020-07-14,163600
2020-07-14,42350
2020-07-14,21700
2020-07-14,123650
2020-07-14,306500
2020-07-14,21700
2020-07-14,183650
2020-07-14,52700
2020-07-14,163600
2020-07-14,21700
2020-07-14,62700
2020-07-14,21700
2020-07-14,225300
2020-07-14,52700
2020-07-14,205100
2020-07-14,306000
2020-07-14,21700
2020-07-14,62700
2020-07-14,62700
2020-07-14,21700
2020-07-14,62700
2020-07-14,52700
2020-07-14,21700
2020-07-14,52700
2020-07-14,21700
2020-07-14,21700
2020-07-14,205100
2020-07-14,62700
2020-07-14,205100
2020-07-14,205100
2020-07-14,21700
2020-07-14,205100
2020-07-14,467000
2020-07-14,205100
2020-07-14,21700
2020-07-14,205100
2020-07-14,205100
2020-07-14,21700
2020-07-14,205100
2020-07-14,42350
2020-07-14,21700
2020-07-14,42350
2020-07-14,21700
2020-07-14,52700
2020-07-14,21700
2020-07-14,52700
2020-07-14,21700
2020-07-14,607500
2020-07-14,52700
2020-07-14,21700
2020-07-14,306000
2020-07-14,21700
2020-07-14,426500
2020-07-14,62700
2020-07-14,426500
2020-07-14,592000
2020-07-14,21700
2020-07-14,72700
2020-07-14,205100
2020-07-14,205100
2020-07-14,62700
2020-07-14,52700
2020-07-14,21700
2020-07-14,143650
2020-07-14,205100
2020-07-14,21700
2020-07-14,21700
2020-07-14,205100
2020-07-14,62700
2020-07-14,103650
2020-07-14,52700
2020-07-14,407000
2020-07-14,42350
2020-07-14,62700
2020-07-14,205100
2020-07-14,205100
2020-07-14,62700
2020-07-14,21700
2020-07-14,426500
2020-07-14,306000
2020-07-14,21700
2020-07-14,205100
2020-07-14,21700
2020-07-14,62700
2020-07-14,205100
2020-07-14,31850
2020-07-14,205100
2020-07-14,82700
2020-07-14,42350
2020-07-14,21700
2020-07-14,306500
2020-07-14,205100
2020-07-14,306500
2020-07-14,205100
2020-07-14,306500
2020-07-14,42350
2020-07-14,205100
2020-07-14,426500
2020-07-14,42350
2020-07-14,21700
2020-07-14,592000
2020-07-14,21700
2020-07-14,42350
2020-07-14,2013000
2020-07-14,1114250
2020-07-14,62700
2020-07-14,427000
2020-07-14,52700
2020-07-14,407000
2020-07-14,103650
2020-07-14,21700
2020-07-14,62700
2020-07-14,52700
2020-07-14,62700
2020-07-14,21700
2020-07-14,205100
2020-07-14,205100
2020-07-14,62700
2020-07-14,205100
2020-07-14,21700
2020-07-14,21700
2020-07-14,62700
2020-07-14,82700
2020-07-14,62700
2020-07-14,205100
2020-07-14,275100
2020-07-14,21700
2020-07-14,205100
2020-07-14,21700
2020-07-14,205100
2020-07-14,21700
2020-07-14,21700
2020-07-14,21700
2020-07-14,21700
2020-07-14,123600
2020-07-14,62700
2020-07-14,21700
2020-07-14,62700
2020-07-14,21850
2020-07-14,52700
2020-07-14,163650
2020-07-14,21850
2020-07-14,183600
2020-07-14,62700
2020-07-14,52700
2020-07-14,21850
2020-07-14,275100
2020-07-14,407000
2020-07-14,21700
2020-07-14,527500
2020-07-14,205100
2020-07-14,205100
2020-07-14,426500
2020-07-15,82700
2020-07-15,103650
2020-07-15,31850
2020-07-15,82700
2020-07-15,183600
2020-07-15,183600
2020-07-15,62700
2020-07-15,62700
2020-07-15,52700
2020-07-15,62700
2020-07-15,245300
2020-07-15,407000
2020-07-15,62700
2020-07-15,366500
2020-07-15,62700
2020-07-15,62700
2020-07-15,183600
2020-07-15,52700
2020-07-15,62700
2020-07-15,52700
2020-07-15,183600
2020-07-15,62700
2020-07-15,133650
2020-07-15,62700
2020-07-15,62700
2020-07-15,123600
2020-07-15,245300
2020-07-15,82700
2020-07-15,62700
2020-07-15,62700
2020-07-15,183600
2020-07-15,62700
2020-07-15,62700
2020-07-15,123600
2020-07-15,62700
2020-07-15,103650
2020-07-15,92700
2020-07-15,103650
2020-07-15,62700
2020-07-15,52700
2020-07-15,67600
2020-07-15,62700
2020-07-15,123600
2020-07-15,42350
2020-07-15,62700
2020-07-15,183600
2020-07-15,62700
2020-07-15,183600
2020-07-15,205300
2020-07-15,123600
2020-07-15,62700
2020-07-15,62700
2020-07-15,52700
2020-07-15,487000
2020-07-15,42350
2020-07-15,62700
2020-07-15,62700
2020-07-15,62700
2020-07-15,183600
2020-07-15,62700
2020-07-15,62700
2020-07-15,62700
2020-07-15,123600
2020-07-15,123600
2020-07-15,62700
2020-07-15,103650
2020-07-15,52700
2020-07-15,62700
2020-07-15,52700
2020-07-15,72700
2020-07-15,52700
2020-07-15,62700
2020-07-15,62700
2020-07-15,62700
2020-07-15,153650
2020-07-15,62700
2020-07-15,52700
2020-07-15,62700
2020-07-15,52700
2020-07-15,62700
2020-07-15,92700
2020-07-15,52700
2020-07-15,183600
2020-07-15,62700
2020-07-15,62700
2020-07-15,82700
2020-07-15,395400
2020-07-15,42350
2020-07-15,123600
2020-07-15,183600
2020-07-15,123600
2020-07-15,62700
2020-07-15,52700
2020-07-15,183600
2020-07-15,62700
2020-07-15,62700
2020-07-15,62700
2020-07-15,123600
2020-07-15,21850
2020-07-15,123600
2020-07-15,31850
2020-07-15,42350
2020-07-15,52700
2020-07-15,62700
2020-07-15,103650
2020-07-15,62700
2020-07-15,123600
2020-07-15,62700
2020-07-15,123600
2020-07-15,62700
2020-07-15,82700
2020-07-15,92700
2020-07-15,31850
2020-07-15,163650
2020-07-15,62700
2020-07-15,62700
2020-07-15,62700
2020-07-15,447000
2020-07-15,62700
2020-07-15,42350
2020-07-15,183600
2020-07-15,42350
2020-07-15,62700
2020-07-15,103650
2020-07-15,82700
2020-07-15,62700
2020-07-15,52700
2020-07-15,62700
2020-07-15,52700
2020-07-15,62700
2020-07-15,52700
2020-07-16,62700
2020-07-16,146650
2020-07-16,62700
2020-07-16,62700
2020-07-16,42350
2020-07-16,366500
2020-07-16,31850
2020-07-16,42350
2020-07-16,31850
2020-07-16,123600
2020-07-16,8900
2020-07-16,103600
2020-07-16,407000
2020-07-16,123600
2020-07-16,92700
2020-07-16,245300
2020-07-16,103650
2020-07-16,888000
2020-07-16,245100
2020-07-16,103650
2020-07-16,123650
2020-07-16,143650
2020-07-16,50350
2020-07-16,31850
2020-07-16,103650
2020-07-16,62700
2020-07-16,103650
2020-07-16,42350
2020-07-16,163600
2020-07-16,31850
2020-07-16,123650
2020-07-16,123650
2020-07-17,62700
2020-07-17,62700
2020-07-17,3600
2020-07-17,21850
2020-07-17,21850
2020-07-17,42350
2020-07-17,153650
2020-07-17,21850
2020-07-17,21850
2020-07-17,62700
2020-07-17,31850
2020-07-17,1208000
2020-07-17,147650
2020-07-20,52700
2020-07-20,20000
2020-07-20,153650
2020-07-20,4808000
2020-07-20,306000
2020-07-20,123600
2020-07-20,183600
2020-07-20,306000
2020-07-20,183600
2020-07-20,306000
2020-07-20,205100
2020-07-20,183600
2020-07-20,205100
2020-07-20,205300
2020-07-20,183600
2020-07-20,183600
2020-07-20,306000
2020-07-20,238860
2020-07-20,100000
2020-07-20,205300
2020-07-20,245100
2020-07-20,153650
2020-07-20,153650
2020-07-20,245300
2020-07-20,26850
2020-07-20,306000
2020-07-20,306000
2020-07-20,183600
2020-07-20,205100
2020-07-20,306000
2020-07-20,183600
2020-07-20,306000
2020-07-20,348500
2020-07-20,100000
2020-07-20,205100
2020-07-20,306000
2020-07-20,183600
2020-07-20,205100
2020-07-20,1953000
2020-07-20,103650
2020-07-20,183600
2020-07-20,306000
2020-07-20,205100
2020-07-20,205100
2020-07-20,62700
2020-07-20,153650
2020-07-20,42350
2020-07-20,205100
2020-07-20,183600
2020-07-20,62700
2020-07-20,163650
2020-07-20,205100
2020-07-20,183600
2020-07-20,183600
2020-07-20,103650
2020-07-20,183600
2020-07-20,52700
2020-07-20,183600
2020-07-20,306000
2020-07-20,490500
2020-07-20,205100
2020-07-20,52700
2020-07-20,52700
2020-07-20,52700
2020-07-20,306000
2020-07-20,183600
2020-07-20,183600
2020-07-20,62700
2020-07-20,407000
2020-07-20,245100
2020-07-20,205100
2020-07-20,205100
2020-07-20,183600
2020-07-20,306000
2020-07-20,123600
2020-07-20,123600
2020-07-20,316500
2020-07-20,183650
2020-07-20,306000
2020-07-20,183600
2020-07-20,245300
2020-07-20,205100
2020-07-20,205300
2020-07-20,52700
2020-07-20,26850
2020-07-20,183600
2020-07-20,123600
2020-07-20,183600
2020-07-20,306000
2020-07-20,205100
2020-07-20,205300
2020-07-20,205100
2020-07-20,306000
2020-07-20,183600
2020-07-20,306000
2020-07-20,205300
2020-07-20,306000
2020-07-20,183600
2020-07-20,205100
2020-07-20,52700
2020-07-20,205100
2020-07-20,92700
2020-07-20,366000
2020-07-20,245100
2020-07-20,183600
2020-07-20,306000
2020-07-20,306000
2020-07-20,306000
2020-07-20,183600
2020-07-20,205100
2020-07-20,205100
2020-07-20,245100
2020-07-20,92700
2020-07-20,183600
2020-07-20,306000
2020-07-20,103650
2020-07-20,306000
2020-07-20,183600
2020-07-20,163650
2020-07-20,62700
2020-07-20,306000
2020-07-20,62700
2020-07-20,205100
2020-07-20,346500
2020-07-20,123600
2020-07-20,306000
2020-07-20,92700
2020-07-20,52700
2020-07-20,26850
2020-07-20,205300
2020-07-20,205300
2020-07-20,123600
2020-07-20,183600
2020-07-20,306000
2020-07-20,26850
2020-07-20,183600
2020-07-20,52700
2020-07-20,183600
2020-07-20,245100
2020-07-20,366500
2020-07-20,306500
2020-07-20,183600
2020-07-20,92700
2020-07-20,153650
2020-07-20,123600
2020-07-20,123600
2020-07-20,205100
2020-07-20,62700
2020-07-20,62700
2020-07-21,133650
2020-07-21,183650
2020-07-21,103650
2020-07-21,183650
2020-07-21,21850
2020-07-21,103650
2020-07-21,143650
2020-07-21,205300
2020-07-21,21850
2020-07-21,82700
2020-07-21,272100
2020-07-21,163650
2020-07-21,62700
2020-07-21,92700
2020-07-21,42350
2020-07-21,133650
2020-07-21,103650
2020-07-21,113650
2020-07-21,103650
2020-07-21,26850
2020-07-21,31850
2020-07-21,183650
2020-07-21,103650
2020-07-21,82700
2020-07-21,21850
2020-07-21,21850
2020-07-21,21850
2020-07-21,205300
2020-07-21,31850
2020-07-21,26850
2020-07-21,26850
2020-07-21,21850
2020-07-21,52700
2020-07-21,20200
2020-07-21,82700
2020-07-21,20200
2020-07-21,163650
2020-07-21,20200
2020-07-21,183650
2020-07-21,143650
2020-07-21,26850
2020-07-21,123650
2020-07-21,82700
2020-07-21,21850
2020-07-21,52700
2020-07-21,62700
2020-07-21,183650
2020-07-21,62700
2020-07-21,52700
2020-07-21,143650
2020-07-21,62700
2020-07-21,103650
2020-07-21,31850
2020-07-21,82700
2020-07-21,62700
2020-07-21,255300
2020-07-21,183650
2020-07-21,21850
2020-07-22,103600
2020-07-22,62700
2020-07-22,26850
2020-07-22,205100
2020-07-22,52700
2020-07-22,20200
2020-07-22,21850
2020-07-22,92700
2020-07-22,47350
2020-07-22,103600
2020-07-22,1118000
2020-07-22,26850
2020-07-22,26850
2020-07-22,13950
2020-07-22,205300
2020-07-22,82700
2020-07-22,20200
2020-07-22,103600
2020-07-22,20200
2020-07-22,42350
2020-07-22,82700
2020-07-22,205100
2020-07-22,517000
2020-07-22,103600
2020-07-22,20200
2020-07-22,205100
2020-07-22,42350
2020-07-22,62700
2020-07-22,103600
2020-07-22,52700
2020-07-22,52700
2020-07-22,507500
2020-07-22,20200
2020-07-22,103600
2020-07-22,31850
2020-07-22,103600
2020-07-22,21850
2020-07-22,21850
2020-07-22,26850
2020-07-22,103600
2020-07-22,52700
2020-07-22,26850
2020-07-22,52700
2020-07-22,103600
2020-07-22,52700
2020-07-22,205100
2020-07-22,205100
2020-07-22,103600
2020-07-22,21850
2020-07-22,47350
2020-07-22,62700
2020-07-22,77700
2020-07-22,62700
2020-07-22,163650
2020-07-22,205100
2020-07-22,136650
2020-07-22,103600
2020-07-22,52700
2020-07-22,103600
2020-07-22,103600
2020-07-22,5950
2020-07-22,77700
2020-07-22,103600
2020-07-22,20200
2020-07-22,52700
2020-07-22,20200
2020-07-22,33100
2020-07-22,20200
2020-07-22,26850
2020-07-22,103600
2020-07-22,52700
2020-07-22,42350
2020-07-22,103600
2020-07-22,21850
2020-07-22,21850
2020-07-22,103600
2020-07-22,20200
2020-07-22,72700
2020-07-22,163650
2020-07-22,103600
2020-07-22,26850
2020-07-22,21850
2020-07-22,21850
2020-07-23,42300
2020-07-23,26700
2020-07-23,26700
2020-07-23,183650
2020-07-23,487000
2020-07-23,26700
2020-07-23,26700
2020-07-23,42300
2020-07-23,42300
2020-07-23,205100
2020-07-23,26700
2020-07-23,26700
2020-07-23,366000
2020-07-23,82700
2020-07-23,42300
2020-07-23,26700
2020-07-23,26700
2020-07-23,26700
2020-07-23,42300
2020-07-23,42300
2020-07-23,42300
2020-07-23,26700
2020-07-23,205300
2020-07-23,42300
2020-07-23,1365500
2020-07-23,26700
2020-07-23,26700
2020-07-23,42300
2020-07-23,42300
2020-07-23,42300
2020-07-23,62700
2020-07-23,42300
2020-07-23,26700
2020-07-23,366000
2020-07-23,26700
2020-07-23,42300
2020-07-23,42350
2020-07-23,26700
2020-07-23,26700
2020-07-23,26700
2020-07-23,42300
2020-07-23,26700
2020-07-23,26700
2020-07-23,26700
2020-07-23,26700
2020-07-23,26700
2020-07-23,537000
2020-07-23,920500
2020-07-23,26700
2020-07-23,366000
2020-07-23,26700
2020-07-23,42300
2020-07-23,245300
2020-07-23,26700
2020-07-23,62700
2020-07-23,26700
2020-07-23,26700
2020-07-23,245300
2020-07-23,42300
2020-07-23,26700
2020-07-23,245300
2020-07-23,26700
2020-07-23,103600
2020-07-23,42300
2020-07-23,21700
2020-07-23,26700
2020-07-23,42300
2020-07-23,62700
2020-07-23,42300
2020-07-23,42300
2020-07-23,457000
2020-07-23,366000
2020-07-23,26700
2020-07-23,21850
2020-07-23,366000
2020-07-23,26700
2020-07-23,26700
2020-07-23,82700
2020-07-23,52700
2020-07-23,26700
2020-07-23,457000
2020-07-23,153650
2020-07-23,26700
2020-07-23,42300
2020-07-23,26700
2020-07-23,26700
2020-07-23,42300
2020-07-23,26700
2020-07-23,42300
2020-07-23,26700
2020-07-23,832795
2020-07-23,547000
2020-07-23,26700
2020-07-23,42300
2020-07-23,547000
2020-07-23,42300
2020-07-23,42300
2020-07-23,26700
2020-07-23,1188000
2020-07-23,42300
2020-07-23,26700
2020-07-23,245300
2020-07-23,42300
2020-07-23,26700
2020-07-23,26700
2020-07-23,42300
2020-07-23,205100
2020-07-23,42300
2020-07-23,26700
2020-07-23,42300
2020-07-23,42300
2020-07-23,21700
2020-07-23,547000
2020-07-23,26700
2020-07-23,26700
2020-07-23,42300
2020-07-23,245300
2020-07-23,21850
2020-07-23,42300
2020-07-23,62700
2020-07-23,42300
2020-07-23,42300
2020-07-23,62700
2020-07-23,42300
2020-07-23,26700
2020-07-23,42300
2020-07-23,245300
2020-07-23,26700
2020-07-23,42300
2020-07-23,42300
2020-07-23,26700
2020-07-23,42300
2020-07-23,314500
2020-07-23,366000
2020-07-23,712500
2020-07-23,42300
2020-07-23,26700
2020-07-24,306000
2020-07-24,21850
2020-07-24,42350
2020-07-24,42350
2020-07-24,42350
2020-07-24,103650
2020-07-24,306000
2020-07-24,306000
2020-07-24,306000
2020-07-24,205300
2020-07-24,82700
2020-07-24,306000
2020-07-24,486500
2020-07-24,306000
2020-07-24,205100
2020-07-24,486500
2020-07-24,42350
2020-07-24,205100
2020-07-24,205100
2020-07-24,42350
2020-07-24,306000
2020-07-24,245100
2020-07-24,456500
2020-07-24,82700
2020-07-24,103650
2020-07-24,306000
2020-07-24,205100
2020-07-24,306000
2020-07-24,42350
2020-07-24,205300
2020-07-24,306000
2020-07-24,82700
2020-07-24,205100
2020-07-24,306000
2020-07-24,205100
2020-07-24,205100
2020-07-24,70700
2020-07-24,42350
2020-07-24,205100
2020-07-24,205100
2020-07-24,306000
2020-07-24,205100
2020-07-24,486500
2020-07-24,306000
2020-07-24,306000
2020-07-24,205100
2020-07-24,306000
2020-07-24,205100
2020-07-24,205100
2020-07-24,306000
2020-07-24,426500
2020-07-24,306000
2020-07-24,205100
2020-07-24,205100
2020-07-24,103650
2020-07-24,205100
2020-07-24,205100
2020-07-24,205100
2020-07-24,234300
2020-07-24,306000
2020-07-24,42350
2020-07-24,205100
2020-07-24,486500
2020-07-24,183600
2020-07-24,597000
2020-07-24,306000
2020-07-24,205100
2020-07-24,306000
2020-07-24,486500
2020-07-24,306000
2020-07-24,205100
2020-07-24,205100
2020-07-24,306000
2020-07-24,42350
2020-07-24,183600
2020-07-24,3008000
2020-07-24,456500
2020-07-24,306000
2020-07-24,306000
2020-07-24,245100
2020-07-24,205100
2020-07-24,306000
2020-07-24,306000
2020-07-24,245100
2020-07-24,205100
2020-07-24,306000
2020-07-24,486500
2020-07-24,205100
2020-07-24,42350
2020-07-24,42350
2020-07-24,42350
2020-07-24,42350
2020-07-24,608000
2020-07-24,486500
2020-07-24,306000
2020-07-24,205100
2020-07-24,163650
2020-07-25,153650
2020-07-25,205300
2020-07-25,62700
2020-07-25,153650
2020-07-25,52700
2020-07-25,103650
2020-07-28,82700
2020-07-28,21850
2020-07-28,153650
2020-07-28,62700
2020-07-28,21850
2020-07-28,42350
2020-07-28,52700
2020-07-28,407000
2020-07-28,103650
2020-07-28,42350
2020-07-28,52700
2020-07-28,153650
2020-07-28,52700
2020-07-28,103650
2020-07-28,26850
2020-07-28,205300
2020-07-28,153650
2020-07-28,21850
2020-07-28,52700
2020-07-28,82700
2020-07-28,52700
2020-07-28,21850
2020-07-28,52700
2020-07-28,26850
2020-07-28,18750
2020-07-28,153650
2020-07-28,82700
2020-07-28,153650
2020-07-28,82700
2020-07-28,21850
2020-07-28,52700
2020-07-28,52700
2020-07-28,285300
2020-07-28,52700
2020-07-28,52700
2020-07-28,21850
2020-07-28,153650
2020-07-28,116150
2020-07-28,52700
2020-07-28,82700
2020-07-28,52700
2020-07-28,82700
2020-07-28,82700
2020-07-28,52700
2020-07-28,163650
2020-07-28,82700
2020-07-28,21850
2020-07-28,21850
2020-07-28,26850
2020-07-28,77700
2020-07-28,153650
2020-07-28,62700
2020-07-28,42350
2020-07-28,52700
2020-07-28,163650
2020-07-28,52700
2020-07-28,31850
2020-07-28,306500
2020-07-28,42350
2020-07-28,62700
2020-07-28,123650
2020-07-28,82700
2020-07-28,82700
2020-07-28,153650
2020-07-28,50000
2020-07-28,42350
2020-07-28,26850
2020-07-28,163650
2020-07-28,21850
2020-07-28,42350
2020-07-28,153650
2020-07-28,26850
2020-07-28,31850
2020-07-28,123650
2020-07-28,21850
2020-07-28,21850
2020-07-28,42350
2020-07-28,52700
2020-07-28,21850
2020-07-28,52700
2020-07-28,103650
2020-07-28,21850
2020-07-28,52700
2020-07-28,42350
2020-07-28,21850
2020-07-28,52700
2020-07-28,103650
2020-07-28,52700
2020-07-28,52700
2020-07-28,52700
2020-07-28,103650
2020-07-28,52700
2020-07-28,163650
2020-07-28,52700
2020-07-28,52700
2020-07-28,82700
2020-07-28,1968000
2020-07-28,52700
2020-07-28,306500
2020-07-28,52700
2020-07-28,52700
2020-07-28,21850
2020-07-28,163650
2020-07-28,42350
2020-07-29,426500
2020-07-29,205100
2020-07-29,62700
2020-07-29,205100
2020-07-29,205100
2020-07-29,205100
2020-07-29,245100
2020-07-29,205100
2020-07-29,245100
2020-07-29,245300
2020-07-29,205100
2020-07-29,205100
2020-07-29,205100
2020-07-29,205100
2020-07-29,205100
2020-07-29,245100
2020-07-30,245300
2020-07-30,31850
2020-07-30,52700
2020-07-30,245300
2020-07-30,42350
2020-07-30,21850
2020-07-30,52700
2020-07-30,52700
2020-07-30,143650
2020-07-30,62700
2020-07-30,52700
2020-07-30,42350
2020-07-30,153650
2020-07-30,42350
2020-07-30,52700
2020-07-30,52700
2020-07-30,52700
2020-07-30,153650
2020-07-30,11450
2020-07-30,42350
2020-07-30,245300
2020-07-30,52700
2020-07-30,245300
2020-07-30,42350
2020-07-30,245300
2020-07-30,42350
2020-07-30,11450
2020-07-30,386500
2020-07-30,245300
2020-07-30,62700
2020-07-30,52700
2020-07-30,52700
2020-07-30,123650
2020-07-30,62700
2020-07-30,245300
2020-07-30,42350
2020-07-30,245300
2020-07-30,306500
2020-07-30,82700
2020-07-30,42350
2020-08-03,21700
2020-08-03,21700
2020-08-03,205100
2020-08-03,52700
2020-08-03,205100
2020-08-03,11400
2020-08-03,52700
2020-08-03,11400
2020-08-03,205100
2020-08-03,205100
2020-08-03,21700
2020-08-03,52700
2020-08-03,52700
2020-08-03,11400
2020-08-03,205100
2020-08-03,205100
2020-08-03,205100
2020-08-03,205100
2020-08-03,205100
2020-08-03,11400
2020-08-03,21700
2020-08-03,52700
2020-08-03,52700
2020-08-03,11400
2020-08-03,727500
2020-08-03,245100
2020-08-03,205100
2020-08-03,21700
2020-08-03,205100
2020-08-03,21700
2020-08-03,727500
2020-08-03,205100
2020-08-04,1043000
2020-08-04,245100
2020-08-04,173600
2020-08-04,306000
2020-08-04,1043000
2020-08-04,62700
2020-08-04,183600
2020-08-04,667500
2020-08-04,143600
2020-08-04,1043000
2020-08-04,154650
2020-08-04,52700
2020-08-04,1165500
2020-08-04,52700
2020-08-04,306000
2020-08-04,507000
2020-08-04,84700
2020-08-04,62700
2020-08-04,82700
2020-08-04,306000
2020-08-04,1020500
2020-08-04,390000
2020-08-04,52700
2020-08-04,230235
2020-08-04,1043000
2020-08-04,306000
2020-08-04,21850
2020-08-04,52700
2020-08-04,306000
2020-08-04,727500
2020-08-04,727500
2020-08-04,607500
2020-08-04,306000
2020-08-04,62700
2020-08-04,1114250
2020-08-04,667500
2020-08-04,306000
2020-08-04,82700
2020-08-04,306000
2020-08-04,183600
2020-08-04,61700
2020-08-04,62700
2020-08-04,848000
2020-08-04,183600
2020-08-04,42350
2020-08-04,367000
2020-08-05,245300
2020-08-05,407000
2020-08-05,183600
2020-08-05,407000
2020-08-05,62700
2020-08-05,123600
2020-08-05,52700
2020-08-05,245300
2020-08-05,183650
2020-08-05,62700
2020-08-05,123600
2020-08-05,82700
2020-08-05,245300
2020-08-05,123650
2020-08-05,123600
2020-08-05,183600
2020-08-05,1058000
2020-08-05,62700
2020-08-05,52700
2020-08-05,123600
2020-08-05,62700
2020-08-05,123650
2020-08-05,52700
2020-08-05,193650
2020-08-05,183600
2020-08-05,153600
2020-08-05,123600
2020-08-05,62700
2020-08-05,123600
2020-08-05,245300
2020-08-05,174650
2020-08-05,607500
2020-08-05,153650
2020-08-05,366500
2020-08-05,82700
2020-08-05,62700
2020-08-05,62700
2020-08-05,457000
2020-08-05,607500
2020-08-05,62700
2020-08-05,123600
2020-08-05,245300
2020-08-05,62700
2020-08-05,62700
2020-08-05,183650
2020-08-05,366500
2020-08-05,838000
2020-08-05,1043000
2020-08-05,245300
2020-08-05,245300
2020-08-05,62700
2020-08-06,205100
2020-08-06,42350
2020-08-06,42350
2020-08-06,153650
2020-08-06,124650
2020-08-06,153650
2020-08-06,407000
2020-08-06,31850
2020-08-06,214500
2020-08-06,62700
2020-08-06,82700
2020-08-06,62700
2020-08-06,21850
2020-08-06,153650
2020-08-06,407000
2020-08-06,42350
2020-08-06,62700
2020-08-06,42350
2020-08-06,153650
2020-08-06,123600
2020-08-07,306500
2020-08-07,306500
2020-08-07,163650
2020-08-07,52700
2020-08-07,26850
2020-08-07,163650
2020-08-07,52700
2020-08-07,306500
2020-08-07,59700
2020-08-07,20200
2020-08-07,21850
2020-08-07,26850
2020-08-07,306500
2020-08-07,163650
2020-08-07,52700
2020-08-07,306500
2020-08-07,52700
2020-08-07,21850
2020-08-07,21850
2020-08-07,26850
2020-08-07,52700
2020-08-07,163650
2020-08-07,26850
2020-08-07,52700
2020-08-07,163650
2020-08-07,52700
2020-08-07,407000
2020-08-07,52700
2020-08-07,52700
2020-08-07,21850
2020-08-07,103650
2020-08-07,21850
2020-08-07,407000
2020-08-07,306500
2020-08-07,407000
2020-08-07,407000
2020-08-07,163650
2020-08-07,52700
2020-08-07,163650
2020-08-07,163650
2020-08-07,52700
2020-08-07,21850
2020-08-07,205300
2020-08-07,306500
2020-08-07,306500
2020-08-07,487000
2020-08-07,205300
2020-08-07,52700
2020-08-07,407000
2020-08-07,52700
2020-08-07,163650
2020-08-07,52700
2020-08-07,163650
2020-08-07,52700
2020-08-07,52700
2020-08-07,205300
2020-08-07,306500
2020-08-07,82700
2020-08-07,20200
2020-08-07,407000
2020-08-07,245300
2020-08-07,52700
2020-08-07,163650
2020-08-07,26850
2020-08-08,62700
2020-08-08,26700
2020-08-08,26700
2020-08-08,407000
2020-08-08,828000
2020-08-08,436500
2020-08-08,366000
2020-08-08,26700
2020-08-08,26700
2020-08-08,4078000
2020-08-08,26700
2020-08-09,82700
2020-08-09,275300
2020-08-09,82700
2020-08-09,82700
2020-08-09,407000
2020-08-09,82700
2020-08-09,82700
2020-08-09,82700
2020-08-09,163650
2020-08-09,82700
2020-08-09,407000
2020-08-09,82700
2020-08-10,255300
2020-08-10,67600
2020-08-10,52700
2020-08-10,607500
2020-08-10,52700
2020-08-10,52700
2020-08-10,52700
2020-08-10,537000
2020-08-10,52700
2020-08-10,607500
2020-08-10,62700
2020-08-10,52700
2020-08-10,52700
2020-08-10,52700
2020-08-10,366000
2020-08-10,52700
2020-08-10,1268000
2020-08-10,52700
2020-08-10,52700
2020-08-11,42300
2020-08-11,3094000
2020-08-11,205100
2020-08-11,306000
2020-08-11,42300
2020-08-11,21700
2020-08-11,4008000
2020-08-11,326000
2020-08-11,507000
2020-08-11,183600
2020-08-11,446500
2020-08-11,4008000
2020-08-11,123600
2020-08-11,306000
2020-08-11,306000
2020-08-11,306000
2020-08-11,143600
2020-08-11,547000
2020-08-11,42300
2020-08-11,306000
2020-08-11,183600
2020-08-11,183600
2020-08-11,382200
2020-08-11,123600
2020-08-12,42300
2020-08-12,245300
2020-08-12,427000
2020-08-12,42300
2020-08-12,92700
2020-08-12,82700
2020-08-12,1208000
2020-08-12,727500
2020-08-12,52700
2020-08-12,82700
2020-08-12,808000
2020-08-12,607500
2020-08-12,82700
2020-08-12,42300
2020-08-12,31750
2020-08-12,123600
2020-08-12,77700
2020-08-12,108650
2020-08-12,487000
2020-08-12,153650
2020-08-12,82700
2020-08-12,163650
2020-08-12,92700
2020-08-12,215300
2020-08-12,103650
2020-08-12,406500
2020-08-12,123600
2020-08-12,123650
2020-08-12,153650
2020-08-12,103650
2020-08-12,153650
2020-08-12,103650
2020-08-12,123600
2020-08-12,153650
2020-08-12,494000
2020-08-12,21850
2020-08-12,21850
2020-08-12,406500
2020-08-12,62700
2020-08-12,215300
2020-08-12,245300
2020-08-12,245300
2020-08-12,82700
2020-08-12,153600
2020-08-12,153650
2020-08-12,148550
2020-08-12,42300
2020-08-12,31850
2020-08-12,727500
2020-08-12,727500
2020-08-12,123600
2020-08-12,77700
2020-08-12,245300
2020-08-12,82700
2020-08-12,406500
2020-08-12,153650
2020-08-12,92700
2020-08-12,3008000
2020-08-12,245300
2020-08-12,103600
2020-08-12,42350
2020-08-12,42300
2020-08-12,42300
2020-08-12,153650
2020-08-12,215300
2020-08-12,36850
2020-08-12,407000
2020-08-12,42300
2020-08-12,396500
2020-08-12,547500
2020-08-12,245300
2020-08-12,205300
2020-08-13,153600
2020-08-13,153600
2020-08-13,153600
2020-08-13,153600
2020-08-13,153600
2020-08-13,406500
2020-08-13,153600
2020-08-13,153600
2020-08-13,52700
2020-08-13,153600
2020-08-13,21700
2020-08-13,153600
2020-08-13,153600
2020-08-13,153600
2020-08-13,153600
2020-08-13,153600
2020-08-13,153600
2020-08-13,406500
2020-08-14,407000
2020-08-14,62700
2020-08-14,62700
2020-08-14,62700
2020-08-14,42300
2020-08-14,123600
2020-08-14,62700
2020-08-14,62700
2020-08-14,62700
2020-08-14,123600
2020-08-14,62700
2020-08-14,62700
2020-08-14,62700
2020-08-14,407000
2020-08-14,183600
2020-08-14,183600
2020-08-14,183650
2020-08-14,306000
2020-08-14,123600
2020-08-14,62700
2020-08-14,123600
2020-08-14,62700
2020-08-14,123600
2020-08-14,123650
2020-08-14,82700
2020-08-14,62700
2020-08-14,62700
2020-08-14,153650
2020-08-14,62700
2020-08-14,62700
2020-08-14,26850
2020-08-14,62700
2020-08-14,123600
2020-08-14,42300
2020-08-14,366000
2020-08-14,183600
2020-08-14,62700
2020-08-14,62700
2020-08-14,123600
2020-08-14,26850
2020-08-14,123600
2020-08-14,20200
2020-08-14,92700
2020-08-14,62700
2020-08-14,62700
2020-08-14,62700
2020-08-14,62700
2020-08-14,82700
2020-08-14,123600
2020-08-14,42300
2020-08-14,92700
2020-08-14,183600
2020-08-14,163600
2020-08-14,62700
2020-08-14,62700
2020-08-14,62700
2020-08-14,183600
2020-08-14,62700
2020-08-14,62700
2020-08-14,62700
2020-08-14,123600
2020-08-14,123600
2020-08-14,62700
2020-08-14,62700
2020-08-14,163600
2020-08-14,62700
2020-08-14,123650
2020-08-14,62700
2020-08-14,123600
2020-08-14,62700
2020-08-14,62700
2020-08-14,123650
2020-08-14,123600
2020-08-14,123600
2020-08-14,62700
2020-08-14,62700
2020-08-14,62700
2020-08-14,62700
2020-08-14,62700
2020-08-14,407000
2020-08-14,21700
2020-08-14,62700
2020-08-14,62700
2020-08-14,123600
2020-08-14,62700
2020-08-14,82700
2020-08-14,26850
2020-08-14,62700
2020-08-14,62700
2020-08-14,62700
2020-08-14,21700
2020-08-14,62700
2020-08-14,62700
2020-08-14,888000
2020-08-14,52700
2020-08-14,42300
2020-08-14,62700
2020-08-14,123600
2020-08-14,118650
2020-08-14,92700
2020-08-14,163650
2020-08-14,183600
2020-08-14,62700
2020-08-14,52700
2020-08-14,183600
2020-08-14,123600
2020-08-14,183600
2020-08-14,407000
2020-08-14,123600
2020-08-14,62700
2020-08-14,306000
2020-08-14,123600
2020-08-14,21700
2020-08-14,205300
2020-08-14,547000
2020-08-14,4309000
2020-08-14,366000
2020-08-14,26850
2020-08-14,26850
2020-08-14,62700
2020-08-14,133600
2020-08-14,183600
2020-08-14,62700
2020-08-14,667500
2020-08-14,183600
2020-08-14,123600
2020-08-14,183600
2020-08-15,968000
2020-08-15,103600
2020-08-15,968300
2020-08-15,82700
2020-08-15,42350
2020-08-15,968000
2020-08-15,42300
2020-08-15,968000
2020-08-15,82700
2020-08-17,42350
2020-08-17,62700
2020-08-17,82700
2020-08-17,62700
2020-08-17,62700
2020-08-17,62700
2020-08-17,62700
2020-08-17,159650
2020-08-17,178650
2020-08-17,682500
2020-08-17,457300
2020-08-17,178400
2020-08-17,903000
2020-08-17,682500
2020-08-18,123650
2020-08-18,42300
2020-08-18,21700
2020-08-18,82700
2020-08-18,163600
2020-08-18,396500
2020-08-18,42300
2020-08-18,123650
2020-08-18,62700
2020-08-18,607500
2020-08-18,82700
2020-08-18,245100
2020-08-18,366000
2020-08-18,21700
2020-08-18,607500
2020-08-18,52700
2020-08-18,36850
2020-08-18,42300
2020-08-18,42300
2020-08-18,205100
2020-08-18,82700
2020-08-18,123600
2020-08-18,396500
2020-08-18,21700
2020-08-18,245100
2020-08-18,42300
2020-08-18,21850
2020-08-18,36850
2020-08-18,547000
2020-08-18,42300
2020-08-18,486500
2020-08-18,636000
2020-08-18,159650
2020-08-18,52700
2020-08-18,42300
2020-08-18,62700
2020-08-18,21700
2020-08-18,297800
2020-08-18,42300
2020-08-18,21700
2020-08-18,42300
2020-08-18,21700
2020-08-18,47350
2020-08-18,42300
2020-08-18,406500
2020-08-18,486500
2020-08-18,486500
2020-08-18,42300
2020-08-18,42300
2020-08-18,487000
2020-08-18,82700
2020-08-18,82700
2020-08-18,42300
2020-08-18,42300
2020-08-19,245100
2020-08-19,486500
2020-08-19,245100
2020-08-19,245100
2020-08-19,245100
2020-08-19,456500
2020-08-19,245100
2020-08-19,4008000
2020-08-19,569500
2020-08-19,1058000
2020-08-19,245100
2020-08-19,52700
2020-08-19,245100
2020-08-19,763500
2020-08-19,486500
2020-08-19,245100
2020-08-19,121600
2020-08-19,486500
2020-08-19,123650
2020-08-19,205100
2020-08-19,4008000
2020-08-19,103600
2020-08-19,245100
2020-08-19,245100
2020-08-19,103600
2020-08-19,1438000
2020-08-19,486500
2020-08-19,245100
2020-08-19,366000
2020-08-19,727500
2020-08-19,52700
2020-08-19,245100
2020-08-19,797500
2020-08-19,245100
2020-08-19,245100
2020-08-19,123650
2020-08-19,727650
2020-08-19,205300
2020-08-19,682500
2020-08-19,245100
2020-08-19,3608000
2020-08-19,245100
2020-08-19,727500
2020-08-19,245100
2020-08-19,727500
2020-08-20,62700
2020-08-20,245300
2020-08-20,1118000
2020-08-20,103600
2020-08-20,406500
2020-08-20,77700
2020-08-20,62700
2020-08-20,103650
2020-08-20,103600
2020-08-20,62700
2020-08-20,103600
2020-08-20,245100
2020-08-20,62700
2020-08-20,62700
2020-08-20,1443000
2020-08-20,245300
2020-08-20,406500
2020-08-20,103600
2020-08-20,245100
2020-08-20,62700
2020-08-20,62700
2020-08-20,183600
2020-08-20,129600
2020-08-20,727500
2020-08-20,727500
2020-08-20,245300
2020-08-20,998000
2020-08-20,245300
2020-08-20,62700
2020-08-20,103600
2020-08-20,245100
2020-08-20,103600
2020-08-20,183650
2020-08-20,62700
2020-08-20,245300
2020-08-20,77700
2020-08-21,202450
2020-08-24,42300
2020-08-24,21700
2020-08-24,205300
2020-08-24,72700
2020-08-24,92700
2020-08-24,72700
2020-08-24,42300
2020-08-24,92700
2020-08-24,52700
2020-08-24,92700
2020-08-24,21700
2020-08-24,31750
2020-08-24,128600
2020-08-24,82700
2020-08-24,42300
2020-08-24,255100
2020-08-24,306500
2020-08-24,326000
2020-08-24,92700
2020-08-24,42300
2020-08-24,128600
2020-08-24,31750
2020-08-24,72700
2020-08-24,92700
2020-08-24,42300
2020-08-24,82700
2020-08-24,21700
2020-08-24,42300
2020-08-24,92700
2020-08-24,1638000
2020-08-24,128600
2020-08-24,72700
2020-08-24,11400
2020-08-24,103600
2020-08-24,72700
2020-08-24,103600
2020-08-24,42300
2020-08-24,31750
2020-08-24,62700
2020-08-24,72700
2020-08-24,11400
2020-08-24,42300
2020-08-24,31750
2020-08-24,42300
2020-08-24,92700
2020-08-24,103600
2020-08-24,72700
2020-08-24,21700
2020-08-24,52700
2020-08-24,52700
2020-08-24,92700
2020-08-24,92700
2020-08-24,92700
2020-08-24,42300
2020-08-24,92700
2020-08-24,163600
2020-08-24,92700
2020-08-24,92700
2020-08-24,103600
2020-08-24,92700
2020-08-24,21700
2020-08-24,42300
2020-08-24,42300
2020-08-24,72700
2020-08-24,245100
2020-08-24,537000
2020-08-24,82700
2020-08-24,42300
2020-08-24,92700
2020-08-24,52700
2020-08-24,42300
2020-08-24,103600
2020-08-24,42300
2020-08-24,255100
2020-08-24,92700
2020-08-24,128600
2020-08-24,42300
2020-08-24,163600
2020-08-24,245100
2020-08-24,103600
2020-08-24,21850
2020-08-24,103600
2020-08-24,103600
2020-08-24,92700
2020-08-24,123600
2020-08-24,52700
2020-08-24,42300
2020-08-24,62700
2020-08-24,42300
2020-08-24,42300
2020-08-24,128600
2020-08-24,21700
2020-08-24,92700
2020-08-24,42300
2020-08-24,306000
2020-08-24,92700
2020-08-24,26700
2020-08-24,163600
2020-08-24,42300
2020-08-24,92700
2020-08-24,1695500
2020-08-24,407000
2020-08-24,92700
2020-08-24,92700
2020-08-24,230100
2020-08-24,31750
2020-08-24,31750
2020-08-24,255100
2020-08-24,42300
2020-08-24,42300
2020-08-24,92700
2020-08-24,62700
2020-08-24,62700
2020-08-24,103600
2020-08-24,92700
2020-08-24,92700
2020-08-24,42300
2020-08-24,128600
2020-08-24,301100
2020-08-24,1058000
2020-08-24,42300
2020-08-24,21700
2020-08-24,42300
2020-08-24,72700
2020-08-24,326000
2020-08-24,72700
2020-08-24,42300
2020-08-24,42300
2020-08-24,245100
2020-08-24,547000
2020-08-24,92700
2020-08-24,11400
2020-08-24,72700
2020-08-24,42300
2020-08-24,42300
2020-08-24,21700
2020-08-24,163600
2020-08-24,92700
2020-08-24,72700
2020-08-24,205100
2020-08-24,82700
2020-08-24,82700
2020-08-24,42300
2020-08-24,92700
2020-08-24,103600
2020-08-24,42300
2020-08-24,103600
2020-08-24,72700
2020-08-24,31750
2020-08-24,21700
2020-08-24,42300
2020-08-24,123600
2020-08-24,31750
2020-08-24,255100
2020-08-24,82700
2020-08-24,123600
2020-08-24,21700
2020-08-24,62700
2020-08-24,123600
2020-08-24,42300
2020-08-24,72700
2020-08-24,72700
2020-08-24,42300
2020-08-24,42300
2020-08-24,128600
2020-08-24,103600
2020-08-24,42300
2020-08-24,31750
2020-08-24,42300
2020-08-24,92700
2020-08-24,607500
2020-08-24,42300
2020-08-24,103600
2020-08-24,128600
2020-08-24,92700
2020-08-24,42300
2020-08-24,128600
2020-08-24,42300
2020-08-24,486500
2020-08-24,153600
2020-08-24,42300
2020-08-24,62700
2020-08-24,92700
2020-08-24,92700
2020-08-24,92700
2020-08-24,66700
2020-08-24,42300
2020-08-24,128600
2020-08-24,72700
2020-08-24,42300
2020-08-24,547000
2020-08-24,1695500
2020-08-25,92700
2020-08-25,31750
2020-08-25,366000
2020-08-25,31750
2020-08-25,42300
2020-08-25,5850
2020-08-25,62700
2020-08-25,637500
2020-08-25,153650
2020-08-25,92700
2020-08-25,52700
2020-08-25,123600
2020-08-25,183600
2020-08-25,163600
2020-08-25,205100
2020-08-25,153650
2020-08-25,426500
2020-08-25,92700
2020-08-25,245100
2020-08-25,42300
2020-08-25,92700
2020-08-25,52700
2020-08-25,62700
2020-08-25,42300
2020-08-25,52700
2020-08-25,42300
2020-08-25,92700
2020-08-25,92700
2020-08-25,205100
2020-08-25,82700
2020-08-25,42300
2020-08-25,47300
2020-08-25,406500
2020-08-25,153600
2020-08-25,153600
2020-08-25,153600
2020-08-25,597500
2020-08-25,245100
2020-08-25,163600
2020-08-26,103650
2020-08-26,103650
2020-08-26,122400
2020-08-26,71450
2020-08-26,77700
2020-08-26,42350
2020-08-26,153650
2020-08-26,153650
2020-08-26,407000
2020-08-26,153650
2020-08-26,52700
2020-08-26,82700
2020-08-26,77700
2020-08-26,103650
2020-08-26,31850
2020-08-26,103650
2020-08-26,42300
2020-08-26,103650
2020-08-26,52700
2020-08-26,31850
2020-08-26,77700
2020-08-26,1143000
2020-08-26,31850
2020-08-26,62700
2020-08-26,90200
2020-08-26,52700
2020-08-26,42350
2020-08-26,306000
2020-08-26,52700
2020-08-26,52700
2020-08-26,103650
2020-08-26,52700
2020-08-26,52700
2020-08-26,71450
2020-08-26,77700
2020-08-26,103650
2020-08-26,103650
2020-08-26,77700
2020-08-26,306000
2020-08-26,77700
2020-08-26,42350
2020-08-26,42350
2020-08-26,62700
2020-08-26,103650
2020-08-26,52700
2020-08-26,205100
2020-08-26,52700
2020-08-26,128650
2020-08-26,306500
2020-08-26,42350
2020-08-26,103650
2020-08-26,46100
2020-08-26,143650
2020-08-26,306500
2020-08-26,20200
2020-08-26,52700
2020-08-26,103650
2020-08-26,123650
2020-08-26,90200
2020-08-26,31850
2020-08-26,52700
2020-08-26,597000
2020-08-26,467000
2020-08-26,52700
2020-08-26,52700
2020-08-26,153650
2020-08-26,52700
2020-08-26,163600
2020-08-26,77700
2020-08-26,42350
2020-08-26,52700
2020-08-26,52700
2020-08-26,71450
2020-08-26,52700
2020-08-26,52700
2020-08-26,31850
2020-08-26,77700
2020-08-26,205300
2020-08-26,52700
2020-08-26,52700
2020-08-26,77700
2020-08-26,46100
2020-08-26,42350
2020-08-26,52700
2020-08-26,42350
2020-08-26,306000
2020-08-26,71450
2020-08-26,52700
2020-08-26,103650
2020-08-26,163600
2020-08-26,306000
2020-08-27,16450
2020-08-27,486500
2020-08-27,637500
2020-08-27,153600
2020-08-27,42350
2020-08-27,21700
2020-08-27,3978000
2020-08-27,92700
2020-08-27,77700
2020-08-27,306000
2020-08-27,607500
2020-08-27,82700
2020-08-27,82700
2020-08-27,21700
2020-08-27,245300
2020-08-27,407000
2020-08-27,82700
2020-08-27,968000
2020-08-27,21700
2020-08-27,31850
2020-08-27,42350
2020-08-27,42350
2020-08-27,21700
2020-08-27,21700
2020-08-27,11400
2020-08-27,52700
2020-08-27,67700
2020-08-27,245300
2020-08-27,52700
2020-08-27,183600
2020-08-27,21700
2020-08-27,21700
2020-08-27,57700
2020-08-27,82700
2020-08-27,87700
2020-08-27,245300
2020-08-27,77700
2020-08-27,143650
2020-08-27,245100
2020-08-27,77700
2020-08-27,72700
2020-08-27,11450
2020-08-27,306000
2020-08-27,21700
2020-08-27,16450
2020-08-27,486500
2020-08-27,21700
2020-08-27,21700
2020-08-27,406500
2020-08-27,123600
2020-08-27,123600
2020-08-27,163600
2020-08-27,31750
2020-08-27,486500
2020-08-27,21700
2020-08-27,153650
2020-08-27,21700
2020-08-27,62700
2020-08-27,21700
2020-08-27,245300
2020-08-27,16450
2020-08-27,57700
2020-08-27,21700
2020-08-27,103650
2020-08-27,21700
2020-08-27,62700
2020-08-27,163650
2020-08-28,26700
2020-08-28,26700
2020-08-28,26700
2020-08-28,26700
2020-08-28,26700
2020-08-28,26700
2020-08-28,26700
2020-08-28,26700
2020-08-28,26700
2020-08-28,26700
2020-08-28,26700
2020-08-28,1234250
2020-08-28,26700
2020-08-28,26700
2020-08-28,26700
2020-08-28,26700
2020-08-28,26700
2020-08-28,26700
2020-08-28,16450
2020-08-28,26700
2020-08-28,123650
2020-08-28,16450
2020-08-28,306500
2020-08-28,26700
2020-08-28,26700
2020-08-28,1273000
2020-08-28,26700
2020-08-28,26700
2020-08-28,26700
2020-08-28,26700
2020-08-28,26700
2020-08-28,16450
2020-08-28,26700
2020-08-28,26700
2020-08-28,26700
2020-08-28,26700
2020-08-28,1193000
2020-08-28,26700
2020-08-28,26700
2020-08-28,52700
2020-08-28,26700
2020-08-28,26700
2020-08-28,26700
2020-08-28,306500
2020-08-28,16450
2020-08-28,26700
2020-08-28,16450
2020-08-28,26700
2020-08-28,26700
2020-08-28,16450
2020-08-28,26700
2020-08-28,16450
2020-08-28,26700
2020-08-28,68700
2020-08-28,16450
2020-08-28,26700
2020-08-28,527500
2020-08-28,26700
2020-08-28,26700
2020-08-29,109600
2020-08-29,62700
2020-08-29,42300
2020-08-29,205100
2020-08-29,95700
2020-08-29,205100
2020-08-29,42300
2020-08-29,162600
2020-08-29,103600
2020-08-29,42300
2020-08-29,62700
2020-08-29,205100
2020-08-29,62700
2020-08-29,62700
2020-08-29,205100
2020-08-29,205100
2020-08-29,163600
2020-08-29,81700
2020-08-29,205100
2020-08-29,205100
2020-08-29,214100
2020-08-29,381000
2020-08-29,58700
2020-08-29,42300
2020-08-29,205100
2020-08-29,205100
2020-08-29,205100
2020-08-29,42300
2020-08-29,1438000
2020-08-29,78700
2020-08-29,205100
2020-08-29,56700
2020-08-29,151600
2020-08-29,21700
2020-08-29,205100
2020-08-29,205100
2020-08-29,205100
2020-08-29,205100
2020-08-29,60700
2020-08-29,205100
2020-08-29,205100
2020-08-29,185600
2020-08-29,42300
2020-08-29,63700
2020-08-29,103600
2020-08-29,42300
2020-08-29,62700
2020-08-29,103600
2020-08-29,206100
2020-08-29,205100
2020-08-29,205100
2020-08-29,96700
2020-08-29,103600
2020-08-29,205100
2020-08-29,205100
2020-08-29,181600
2020-08-29,125600
2020-08-29,93700
2020-08-29,205100
2020-08-29,162600
2020-08-29,42300
2020-08-29,205100
2020-08-29,205100
2020-08-29,199600
2020-08-29,205100
2020-08-29,125600
2020-08-29,300100
2020-08-29,205100
2020-08-29,213100
2020-08-29,62700
2020-08-29,205100
2020-08-29,42300
2020-08-30,21850
2020-08-30,153650
2020-08-30,326500
2020-08-30,21850
2020-08-30,103650
2020-08-31,128600
2020-08-31,169600
2020-08-31,169600
2020-08-31,169600
2020-08-31,128600
2020-08-31,169600
2020-08-31,169600
2020-08-31,21850
2020-08-31,42350
2020-08-31,103650
2020-08-31,150600
2020-08-31,42350
2020-08-31,36850
2020-08-31,169600
2020-08-31,183650
2020-08-31,123600
2020-08-31,62700
2020-08-31,169600
2020-08-31,169600
2020-08-31,205300
2020-08-31,169600
2020-08-31,169600
2020-08-31,169600
2020-08-31,169600
2020-08-31,205100
2020-08-31,128600
2020-08-31,169600
2020-08-31,128600
2020-08-31,169600
2020-08-31,169600
2020-08-31,169600
2020-08-31,92700
2020-08-31,169600
2020-08-31,255100
2020-08-31,128600
2020-08-31,169600
2020-08-31,153650
2020-08-31,128600
2020-08-31,245100
2020-08-31,169600
2020-08-31,169600
2020-08-31,52700
2020-08-31,198600
2020-08-31,123650
2020-08-31,169600
2020-08-31,42350
2020-08-31,169600
2020-08-31,169600
2020-08-31,31850
2020-08-31,123650
2020-08-31,169600
2020-08-31,128600
2020-08-31,245100
2020-08-31,36850
2020-08-31,169600
2020-08-31,123650
2020-08-31,169600
2020-08-31,169600
2020-08-31,169600
2020-08-31,123650
2020-08-31,255100
2020-08-31,42350
2020-08-31,169600
2020-08-31,169600
2020-08-31,169600
2020-08-31,128600
2020-08-31,128600
2020-08-31,169600
2020-08-31,169600
2020-08-31,169600
2020-08-31,245300
2020-08-31,103650
2020-08-31,169600
2020-08-31,79700
2020-08-31,82700
2020-08-31,42350
2020-08-31,169600
2020-08-31,169600
2020-08-31,255100
2020-08-31,128600
2020-08-31,275300
2020-08-31,169600
2020-08-31,169600
2020-08-31,169600
2020-08-31,245100
2020-08-31,230100
2020-08-31,123650
2020-08-31,306000
2020-08-31,128600
2020-08-31,128600
2020-08-31,82700
2020-08-31,52700
2020-08-31,169600
2020-08-31,306000
